X,CH1,CH2,Start,Increment,
Sequence,Volt,Volt,Volt,0.000000e-03,4.4
0,1.00000,3.00000,,
1,2.00000,2.50000,,
2,3.00000,2.00000,,
